{
  "pages": [
    {
      "path": "pages/index/index",
      "style": {
        "navigationBarTitleText": "养食记"
      }
    },
    {
      "path": "pages/yamazi/yamazi",
      "style": {
        "navigationBarTitleText": "食物详情"
      }
    },
    {
      "path": "pages/hetao/hetao",
      "style": {
        "navigationBarTitleText": "食物详情"
      }
    },
    {
      "path": "pages/xiaweiyiguo/xiaweiyiguo",
      "style": {
        "navigationBarTitleText": "食物详情"
      }
    },
    {
      "path": "pages/babaozhou/babaozhou",
      "style": {
        "navigationBarTitleText": "菜肴详情"
      }
    },
    {
      "path": "pages/niuroulenmian/niuroulenmian",
      "style": {
        "navigationBarTitleText": "菜肴详情"
      }
    },
    {
      "path": "pages/fanqieniunan/fanqieniunan",
      "style": {
        "navigationBarTitleText": "菜肴详情"
      }
    },
    {
      "path": "pages/shiwuchaxun/shiwuchaxun",
      "style": {
        "navigationBarTitleText": "食物查询"
      }
    },
    {
      "path": "pages/suixin/suixin",
      "style": {
        "navigationBarTitleText": "随心配"
      }
    },
    {
      "path": "pages/paihang/paihang",
      "style": {
        "navigationBarTitleText": "食物榜单"
      }
    },
    {
      "path": "pages/redblack/redblack",
      "style": {
        "navigationBarTitleText": "食物红黑榜单"
      }
    },
    {
      "path": "pages/redblack/1/1",
      "style": {
        "navigationBarTitleText": "减肥食物红黑榜"
      }
    }
  ],
  "globalStyle": {
    "navigationBarTextStyle": "black",
    "navigationBarTitle": "养食记",
    "navigationBarBackgroundColor": "#F8F8F8",
    "backgroundColor": "#F8F8F8F8"
  },
  "uniIdRouter": {}
}